1,gkc663
2,hfx366
3,xde533
4,kbx687
5,mcb734
6,eyc866
7,xfd758
8,nxh754
9,byn457
10,wdb554
11,pef833
12,mnc646
13,bxf435
14,xcg455
15,hdg647
16,mny655
17,xch756
18,nrx857
19,rkx878
20,xgf776
21,cwf756
22,dxx855
23,rne763
24,yre653
25,www866
26,hdb873
27,pfx887
28,rwp674
29,rkh544
30,mbk446
31,dwb747
32,nfh367
33,wrp568
34,egb685
35,hpr367
36,dyg366
37,bwg488
38,mph388
39,ybc473
40,xbe775
41,fgd676
42,rrm453
43,cme846
44,myf483
45,nne435
46,rpn885
47,yrd757
48,fgf734
49,grm576
50,hdd484
51,pmn874
52,rmk448
53,heg373
54,hhh538
55,mkf755
56,kyp685
57,kcf655
58,rwf666
59,gbf787
60,kdd764
61,yky836
62,pdf747
63,bxb783
64,dhk637
65,bnk736
66,hkr855
67,xyw458
68,xxb845
69,hkg873
70,dfe687
71,wgy677
72,ywh457
73,ghm568
74,frb858
75,fkn554
76,eek776
77,cgg563
78,gwc554
79,ygr467
80,mfk646
81,bgk584
82,egr758
83,xgg487
84,ygx383
85,rfh637
86,kdx338
87,gre587
88,hkr645
89,hhf343
90,fcf445
91,pmh435
92,wxn463
93,bcy783
94,beb833
95,cmg666
96,hxn345
97,kpn747
98,gne785
99,pew387
100,fbe678
101,bxm777
102,xwe353
103,nfx388
104,enb543
105,ywx465
106,mwm533
107,kyg685
108,ypk446
109,ymb786
110,mbw683
111,nxw344
112,fmr764
113,ymd864
114,rpc643
115,eer356
116,phd734
117,rcw685
118,wyw858
119,prx765
120,hck684
121,bey378
122,fcc333
123,per456
124,xnc866
125,kxp864
126,hfw544
127,pxr385
128,pyk743
129,ddp466
130,ecp758
131,bdk878
132,ewd433
133,dby873
134,knk884
135,grc764
136,hyh773
137,rfr774
138,kgy343
139,rke658
140,crg464
141,pgp343
142,yxb666
143,nfc376
144,fgr737
145,cre838
146,kce667
147,wxf867
148,xeg543
149,ffy374
150,hnh573
151,rgf887
152,fkf843
153,ymc475
154,bkc545
155,whc857
156,yeg365
157,hxw566
158,yre838
159,mxy338
160,wgh578
161,dkc885
162,cym368
163,bbf888
164,meb873
165,rhb888
166,hpe368
167,rrg855
168,mdb888
169,hbd887
170,epn344
171,xgy756
172,mgy748
173,rgr843
174,fpm647
175,cem448
176,cmp633
177,ebb666
178,wpw376
179,hbw664
180,yph785
181,eek683
182,bwy387
183,egh835
184,ygc387
185,pdx668
186,grh644
187,hxb875
188,bge863
189,npe368
190,cdm477
191,hrk873
192,cgc833
193,nrg685
194,pxc547
195,hew587
196,xwx547
197,hnm746
198,yxk463
199,nmm445
200,dmp875
201,ege684
202,rym865
203,cnx677
204,xcf737
205,myy464
206,knx463
207,ede663
208,myb474
209,nfb337
210,dbn768
211,hyh353
212,khc456
213,kye378
214,nfm465
215,mdc775
216,yeh648
217,pgy554
218,cdb558
219,gyx875
220,wpy373
221,epr584
222,gme776
223,npg374
224,krc354
225,fcm783
226,cpp358
227,xfg865
228,ffw866
229,rnk844
230,nnb543
231,prc783
232,nke433
233,kxm733
234,gfm767
235,bed366
236,xnd756
237,cmn663
238,cwn584
239,ymb746
240,hxe644
241,wdn536
242,bky836
243,wnk545
244,whk878
245,pyf553
246,hyp387
247,yfk388
248,hky483
249,phg688
250,mpx874
251,xdf577
252,kxb877
253,ecp786
254,pcp486
255,byb865
256,rkf767
257,nnw363
258,nmp668
259,gdg644
260,gpm535
261,hxb353
262,hnm348
263,mre768
264,wxb368
265,ywe346
266,khk675
267,xke857
268,wcm764
269,pmy878
270,cxb383
271,cwb445
272,yer578
273,kkp675
274,mhk784
275,rbd644
276,egc784
277,hwr656
278,xcr387
279,wmh878
280,ccy736
281,ddh444
282,hgf433
283,wwe388
284,rww347
285,nxc786
286,ydd373
287,cef547
288,gee885
289,dxy685
290,cre744
291,mgp353
292,epe668
293,rpx785
294,whg464
295,ffk558
296,cxh564
297,ebp437
298,fey863
299,hfh835
300,fep633
